country_name,country_code
Afghanistan,AFG
Africa,X06
Åland Islands,ALA
Albania,ALB
Algeria,DZA
American Samoa,ASM
Americas,X21
Andorra,AND
Angola,AGO
Anguilla,AIA
Annex I countries,
Antarctic Region,
Antarctica,ATA
Antigua and Barbuda,ATG
Argentina,ARG
Armenia,ARM
Aruba,ABW
Asia,
Australia,AUS
Australia and New Zealand,
Austria,AUT
Azerbaijan,AZE
Bahamas,BHS
Bahrain,BHR
Bangladesh,BGD
Barbados,BRB
Belarus,BLR
Belgium,BEL
Belgium-Luxembourg,
Belize,BLZ
Benin,BEN
Bermuda,BMU
Bhutan,BTN
Bolivia (Plurinational State of),BOL
"Bonaire, Sint Eustatius and Saba",BES
Bosnia and Herzegovina,BIH
Botswana,BWA
Bouvet Island,BVT
Brazil,BRA
British Indian Ocean Territory,IOT
British Virgin Islands,VGB
Brunei Darussalam,BRN
Bulgaria,BGR
Burkina Faso,BFA
Burundi,BDI
Cabo Verde,CPV
Cambodia,KHM
Cameroon,CMR
Canada,CAN
Caribbean,
Cayman Islands,CYM
Central African Republic,CAF
Central America,
Central Asia,
Central Asia and Southern Asia,
Chad,TCD
Channel Islands,CHA
Chile,CHL
China,CHN
"China, Hong Kong SAR",HKG
"China, Macao SAR",MAC
"China, mainland",CHN
"China, Taiwan Province of",TWN
Christmas Island,CXR
Cocos (Keeling) Islands,CCK
Colombia,COL
Comoros,COM
Congo,COG
Cook Islands,COK
Costa Rica,CRI
Côte d'Ivoire,CIV
Croatia,HRV
Cuba,CUB
Curaçao,CUW
Cyprus,CYP
Czechia,CZE
Czechoslovakia,
Democratic People's Republic of Korea,PRK
Democratic Republic of the Congo,COD
Denmark,DNK
Djibouti,DJI
Dominica,DMA
Dominican Republic,DOM
East Asia (excluding China),
Eastern Africa,
Eastern Asia,
Eastern Asia and South-eastern Asia,
Eastern Europe,
Ecuador,ECU
Egypt,EGY
El Salvador,SLV
Equatorial Guinea,GNQ
Eritrea,ERI
Estonia,EST
Eswatini,SWZ
Ethiopia,ETH
Ethiopia PDR,
Europe,
European Union (27),
European Union (28),
Falkland Islands (Malvinas),FLK
Faroe Islands,FRO
Fiji,FJI
Finland,FIN
France,FRA
French Guyana,GUF
French Polynesia,PYF
French Southern Territories,ATF
Gabon,GAB
Gambia,GMB
Georgia,GEO
Germany,DEU
Germany Fr,
Germany Nl,
Ghana,GHA
Gibraltar,GIB
Greece,GRC
Greenland,GRL
Grenada,GRD
Guadeloupe,GLP
Guam,GUM
Guatemala,GTM
Guinea,GIN
Guinea-Bissau,GNB
Guyana,GUY
Haiti,HTI
Heard and McDonald Islands,HMD
High-income economies,
Holy See,VAT
Honduras,HND
Hungary,HUN
Iceland,ISL
India,IND
Indonesia,IDN
Iran (Islamic Republic of),IRN
Iraq,IRQ
Ireland,IRL
Isle of Man,IMN
Israel,ISR
Italy,ITA
Jamaica,JAM
Japan,JPN
Jersey,JEY
Johnston Island,JTN
Jordan,JOR
Kazakhstan,KAZ
Kenya,KEN
Kiribati,KIR
Kuwait,KWT
Kyrgyzstan,KGZ
Land Locked Developing Countries,
Lao People's Democratic Republic,LAO
Latin America and the Caribbean,
Latvia,LVA
Least Developed Countries,
Lebanon,LBN
Lesotho,LSO
Liberia,LBR
Libya,LBY
Liechtenstein,LIE
Lithuania,LTU
Low income economies,
Low Income Food Deficit Countries,
Lower-middle-income economies,
Luxembourg,LUX
Madagascar,MDG
Malawi,MWI
Malaysia,MYS
Maldives,MDV
Mali,MLI
Malta,MLT
Marshall Islands,MHL
Martinique,MTQ
Mauritania,MRT
Mauritius,MUS
Mayotte,MYT
Melanesia,
Mexico,MEX
Micronesia,
Micronesia (Federated States of),FSM
Middle Africa,
Midway Island,MID
Monaco,MCO
Mongolia,MNG
Montenegro,MNE
Montserrat,MSR
Morocco,MAR
Mozambique,MOZ
Myanmar,MMR
Namibia,NAM
Nauru,NRU
Nepal,NPL
Net Food Importing Developing Countries,
Netherlands,NLD
Netherlands Antilles (former),ANT
New Caledonia,NCL
New Zealand,NZL
Nicaragua,NIC
Niger,NER
Nigeria,NGA
Niue,NIU
Non-Annex I countries,
Norfolk Island,NFK
North Africa (excluding Sudan),
North Macedonia,MKD
Northern Africa,
Northern America,
Northern America and Europe,
Northern Europe,
Northern Mariana Islands,MNP
Norway,NOR
Oceania,
Oceania excluding Australia and New Zealand,
OECD,
Oman,OMN
Pacific Islands Trust Territory,
Pakistan,PAK
Palau,PLW
Palestine,PSE
Panama,PAN
Papua New Guinea,PNG
Paraguay,PRY
Peru,PER
Philippines,PHL
Pitcairn,PCN
Poland,POL
Polynesia,
Portugal,PRT
Puerto Rico,PRI
Qatar,QAT
Republic of Korea,KOR
Republic of Moldova,MDA
Réunion,REU
Romania,ROU
Russian Federation,RUS
Rwanda,RWA
Saint Barthélemy,BLM
"Saint Helena, Ascension and Tristan da Cunha",SHN
Saint Kitts and Nevis,KNA
Saint Lucia,LCA
Saint Pierre and Miquelon,SPM
Saint Vincent and the Grenadines,VCT
Saint-Martin (French part),MAF
Samoa,WSM
San Marino,SMR
Sao Tome and Principe,STP
Saudi Arabia,SAU
Senegal,SEN
Serbia,SRB
Serbia (excluding Kosovo),
Serbia and Montenegro,SCG
Seychelles,SYC
Sierra Leone,SLE
Singapore,SGP
Sint Maarten (Dutch part),SXM
Slovakia,SVK
Slovenia,SVN
Small Island Developing States,
Solomon Islands,SLB
Somalia,SOM
South Africa,ZAF
South America,
South Asia (excluding India),
South Georgia and the South Sandwich Islands,SGS
South Sudan,SSD
South-eastern Asia,
Southern Africa,
Southern Asia,
Southern Europe,
Spain,ESP
Sri Lanka,LKA
Sub-Saharan Africa,
Sub-Saharan Africa (including Sudan),
Sudan,SDN
Sudan (former),
Suriname,SUR
Svalbard and Jan Mayen Islands,SJM
Sweden,SWE
Switzerland,CHE
Syrian Arab Republic,SYR
Tajikistan,TJK
Thailand,THA
Timor-Leste,TLS
Togo,TGO
Tokelau,TKL
Tonga,TON
Trinidad and Tobago,TTO
Tunisia,TUN
Turkey,TUR
Turkmenistan,TKM
Turks and Caicos Islands,TCA
Tuvalu,TUV
Uganda,UGA
Ukraine,UKR
United Arab Emirates,ARE
United Kingdom of Great Britain and Northern Ireland,GBR
United Republic of Tanzania,TZA
United States Minor Outlying Islands,UMI
United States of America,USA
United States Virgin Islands,VIR
Upper-middle-income economies,
Uruguay,URY
USSR,
Uzbekistan,UZB
Vanuatu,VUT
Venezuela (Bolivarian Republic of),VEN
Viet Nam,VNM
Wake Island,WAK
Wallis and Futuna Islands,WLF
Western Africa,
Western Asia,
Western Asia and Northern Africa,
Western Europe,
Western Sahara,ESH
World,X01
Yemen,YEM
Yemen Ar Rp,
Yemen Dem,
Yugoslav SFR,
Zambia,ZMB
Zimbabwe,ZWE
